{"iteration": 100, "loss_box_reg": 0.42992809414863586, "loss_cls": 1.1451420783996582, "lr": 1.9980200000000002e-05, "num_pos_anchors": 42.625, "total_loss": 1.553505927324295}
